{
  "trained_at": "2026-04-14T20:02:28.647403+00:00",
  "total_trades": 1218,
  "symbols": [
    "BTCUSDT",
    "ETHUSDT"
  ],
  "strategies": [
    "ema_crossover_rsi_default",
    "bollinger_breakout_default",
    "mean_reversion_default",
    "macd_divergence_default",
    "ema_crossover_rsi",
    "bollinger_breakout",
    "mean_reversion",
    "macd_divergence"
  ],
  "model_version": "ensemble_v1776196948_3m",
  "ensemble": [
    {
      "tag": "rf",
      "weight": 0.7276106111736033
    },
    {
      "tag": "lgbm",
      "weight": 0.7593543576334874
    },
    {
      "tag": "xgb",
      "weight": 0.7224604325775068
    }
  ],
  "feature_selector": {
    "kept": [
      "rsi_14",
      "adx",
      "ema_9_vs_21",
      "bb_bandwidth",
      "volume_ratio",
      "macd_histogram",
      "atr_ratio",
      "hour_of_day",
      "day_of_week",
      "market_regime_encoded",
      "strategy_encoded",
      "recent_win_rate_10",
      "hours_since_last_trade",
      "rolling_avg_pnl_pct_20",
      "consecutive_losses",
      "regime_bias",
      "adx_normalized",
      "cci",
      "roc",
      "cmf",
      "bb_pct_b",
      "hist_volatility",
      "dmi_spread",
      "stoch_rsi",
      "price_change_5h",
      "momentum",
      "rsi_daily"
    ],
    "dropped": [
      "news_sentiment",
      "fear_greed_normalized",
      "trend_alignment"
    ]
  },
  "metrics": {
    "precision": 0.95,
    "recall": 0.6951219512195121,
    "roc_auc": 0.935583192465588,
    "accuracy": 0.8469945355191257,
    "skill_score": 0.9064785076068582
  },
  "feature_importances": {
    "rsi_14": 19.3399305868576,
    "adx": 14.347415008870806,
    "ema_9_vs_21": 22.004351896398443,
    "bb_bandwidth": 53.03014211069519,
    "volume_ratio": 24.347011978857648,
    "macd_histogram": 33.0245678416189,
    "atr_ratio": 16.337712367245697,
    "hour_of_day": 60.004415731698494,
    "day_of_week": 7.002730489400817,
    "market_regime_encoded": 1.3512986830795342,
    "strategy_encoded": 76.00748375909019,
    "recent_win_rate_10": 2.045403201809328,
    "hours_since_last_trade": 63.33747693252574,
    "rolling_avg_pnl_pct_20": 64.02006360336466,
    "consecutive_losses": 59.93420059297699,
    "news_sentiment": 0.0,
    "fear_greed_normalized": 0.0,
    "trend_alignment": 0.0,
    "regime_bias": 0.6671441909245206,
    "adx_normalized": 7.024487355811143,
    "cci": 41.674212621269035,
    "roc": 13.67193401716174,
    "cmf": 12.353344232226119,
    "bb_pct_b": 37.367759002749445,
    "hist_volatility": 18.67143512102484,
    "dmi_spread": 47.03025250187567,
    "stoch_rsi": 7.00413846597647,
    "price_change_5h": 8.680914210560891,
    "momentum": 37.0226622662616,
    "rsi_daily": 69.69751120483322
  },
  "model_ready": true
}