{
  "trained_at": "2026-04-14T21:30:35.870384+00:00",
  "total_trades": 2614,
  "symbols": [
    "BTCUSDT",
    "ETHUSDT"
  ],
  "strategies": [
    "ema_crossover_rsi_default",
    "bollinger_breakout_default",
    "mean_reversion_default",
    "macd_divergence_default",
    "ema_crossover_rsi",
    "bollinger_breakout",
    "mean_reversion",
    "macd_divergence"
  ],
  "model_version": "ensemble_v1776202235_3m",
  "ensemble": [
    {
      "tag": "rf",
      "weight": 0.8588218322973221
    },
    {
      "tag": "lgbm",
      "weight": 0.8852220569055096
    },
    {
      "tag": "xgb",
      "weight": 0.8400468609296998
    }
  ],
  "feature_selector": {
    "kept": [
      "rsi_14",
      "adx",
      "ema_9_vs_21",
      "bb_bandwidth",
      "volume_ratio",
      "macd_histogram",
      "atr_ratio",
      "hour_of_day",
      "day_of_week",
      "market_regime_encoded",
      "strategy_regime_fit",
      "recent_win_rate_10",
      "hours_since_last_trade",
      "rolling_avg_pnl_pct_20",
      "consecutive_losses",
      "strategy_specific_wr_10",
      "regime_bias",
      "adx_normalized",
      "cci",
      "roc",
      "cmf",
      "bb_pct_b",
      "hist_volatility",
      "dmi_spread",
      "stoch_rsi",
      "price_change_5h",
      "momentum",
      "rsi_daily"
    ],
    "dropped": [
      "news_sentiment",
      "fear_greed_normalized",
      "trend_alignment"
    ]
  },
  "metrics": {
    "precision": 0.8053691275167785,
    "recall": 0.821917808219178,
    "roc_auc": 0.9141478564694139,
    "accuracy": 0.8600508905852418,
    "skill_score": 0.8954091369114862
  },
  "feature_importances": {
    "rsi_14": 12.019103054498972,
    "adx": 74.01986770863584,
    "ema_9_vs_21": 27.343334333654948,
    "bb_bandwidth": 19.337222895947637,
    "volume_ratio": 46.00465369116242,
    "macd_histogram": 42.00443602708324,
    "atr_ratio": 19.345059480862595,
    "hour_of_day": 56.009918606740335,
    "day_of_week": 5.670589894646869,
    "market_regime_encoded": 7.3358681998800135,
    "strategy_regime_fit": 32.33384415954122,
    "recent_win_rate_10": 24.0647081033478,
    "hours_since_last_trade": 88.00726412620288,
    "rolling_avg_pnl_pct_20": 62.34094772869535,
    "consecutive_losses": 63.34469344326278,
    "strategy_specific_wr_10": 22.681808667723143,
    "news_sentiment": 0.0,
    "fear_greed_normalized": 0.0,
    "trend_alignment": 0.0,
    "regime_bias": 2.3343402753969578,
    "adx_normalized": 21.02099514670631,
    "cci": 84.36212331655825,
    "roc": 22.34196521353384,
    "cmf": 27.67017513050517,
    "bb_pct_b": 47.67224349999707,
    "hist_volatility": 45.0039064944346,
    "dmi_spread": 12.031487071044944,
    "stoch_rsi": 12.001568687196967,
    "price_change_5h": 16.68351491566234,
    "momentum": 19.340949329471982,
    "rsi_daily": 54.67341078922362
  },
  "model_ready": true
}