{
  "trained_at": "2026-04-14T21:15:46.234025+00:00",
  "total_trades": 2614,
  "symbols": [
    "BTCUSDT",
    "ETHUSDT"
  ],
  "strategies": [
    "ema_crossover_rsi_default",
    "bollinger_breakout_default",
    "mean_reversion_default",
    "macd_divergence_default",
    "ema_crossover_rsi",
    "bollinger_breakout",
    "mean_reversion",
    "macd_divergence"
  ],
  "model_version": "ensemble_v1776201346_3m",
  "ensemble": [
    {
      "tag": "rf",
      "weight": 0.8588493718362316
    },
    {
      "tag": "lgbm",
      "weight": 0.8866035591130978
    },
    {
      "tag": "xgb",
      "weight": 0.5601594307544503
    }
  ],
  "feature_selector": {
    "kept": [
      "rsi_14",
      "adx",
      "ema_9_vs_21",
      "bb_bandwidth",
      "volume_ratio",
      "macd_histogram",
      "atr_ratio",
      "hour_of_day",
      "day_of_week",
      "market_regime_encoded",
      "strategy_regime_fit",
      "recent_win_rate_10",
      "hours_since_last_trade",
      "rolling_avg_pnl_pct_20",
      "consecutive_losses",
      "strategy_specific_wr_10",
      "regime_bias",
      "adx_normalized",
      "cci",
      "roc",
      "cmf",
      "bb_pct_b",
      "hist_volatility",
      "dmi_spread",
      "stoch_rsi",
      "price_change_5h",
      "momentum",
      "rsi_daily"
    ],
    "dropped": [
      "news_sentiment",
      "fear_greed_normalized",
      "trend_alignment"
    ]
  },
  "metrics": {
    "precision": 0.6994535519125683,
    "recall": 0.8767123287671232,
    "roc_auc": 0.914563806777217,
    "accuracy": 0.8142493638676844,
    "skill_score": 0.8629056022052775
  },
  "feature_importances": {
    "rsi_14": 12.007817953124983,
    "adx": 74.00963817633938,
    "ema_9_vs_21": 27.343334333654948,
    "bb_bandwidth": 19.337222895947637,
    "volume_ratio": 45.33798702449575,
    "macd_histogram": 42.00443602708324,
    "atr_ratio": 19.340589811438598,
    "hour_of_day": 56.009918606740335,
    "day_of_week": 5.670589894646869,
    "market_regime_encoded": 7.3358681998800135,
    "strategy_regime_fit": 32.33384415954122,
    "recent_win_rate_10": 24.029713434089206,
    "hours_since_last_trade": 88.34059745953623,
    "rolling_avg_pnl_pct_20": 63.00761439536202,
    "consecutive_losses": 63.14236307251871,
    "strategy_specific_wr_10": 22.33764550695201,
    "news_sentiment": 0.0,
    "fear_greed_normalized": 0.0,
    "trend_alignment": 0.0,
    "regime_bias": 2.3343402753969578,
    "adx_normalized": 21.010878269672002,
    "cci": 84.34468072506989,
    "roc": 22.67529854686717,
    "cmf": 27.33684179717184,
    "bb_pct_b": 47.67224349999707,
    "hist_volatility": 44.67057316110127,
    "dmi_spread": 12.010780484505199,
    "stoch_rsi": 12.001568687196967,
    "price_change_5h": 16.339253482974897,
    "momentum": 19.340949329471982,
    "rsi_daily": 54.67341078922362
  },
  "model_ready": true
}